index_acm,index_dblp
903,559
493,432
95,1554
1633,1344
2137,1106
2075,228
397,1892
2205,1506
393,201
2760,1270
1540,2055
864,725
679,679
298,987
628,862
1746,295
2491,937
1868,1483
1644,1186
78,1334
2111,1066
2508,473
2785,1047
2229,1997
2742,532
2785,1168
2402,612
2176,1060
2859,299
1548,1491
2051,1294
2779,1767
2606,1287
2761,932
206,1761
1779,1774
2641,1244
1019,1497
2891,79
10,1189
727,49
2286,679
419,1882
44,544
2265,1788
91,1528
2032,1028
2233,1018
187,1761
2742,895
2699,1491
1775,1143
1360,864
353,481
2815,656
1951,810
2131,1680
398,897
167,247
617,941
104,1884
2459,1896
926,6
504,771
636,1893
929,654
920,834
1906,636
2682,103
1135,530
2520,2027
1977,287
445,1480
339,1727
490,1896
420,1837
1228,61
1750,631
2051,1791
149,1724
2885,152
2699,699
332,798
1944,1291
2764,1030
1686,1935
2575,1279
1647,1189
1008,1727
870,1497
445,567
596,736
2367,468
2747,460
2142,1518
1330,1374
2300,643
1281,1189
629,1263
2524,1290
1610,1364
2322,1341
2351,581
565,460
433,1738
2747,1749
2,468
1877,846
2329,189
505,981
2888,826
565,1749
2139,1196
2780,1229
2410,1467
839,1500
1665,1313
2201,1293
1279,1506
2810,354
2710,1170
2646,1414
2410,420
2205,1708
1532,676
153,879
951,1044
2413,775
2079,1424
1103,620
2293,1124
2534,2004
756,1973
1080,407
2745,201
2635,1009
718,405
148,2009
2726,80
998,1627
2717,31
2634,491
2331,224
2635,901
2238,1201
2112,796
2810,609
1125,1294
452,1430
1328,54
1228,116
2859,622
2523,407
2767,1033
7,1201
860,888
2596,1151
2220,1803
2856,1492
2152,1110
2313,1967
85,747
1915,120
373,396
2642,1159
1410,658
1537,699
312,911
10,1741
2885,99
555,1312
2341,1167
1270,1523
2378,2
1631,1236
2126,1215
345,1438
1943,1242
353,804
1353,1413
1878,2052
1896,120
2182,1645
1140,487
856,499
635,1254
2297,1339
1898,839
827,1195
466,1741
2002,896
2043,1193
1884,123
1406,84
2261,598
1125,1791
1837,536
2258,1761
2528,1127
1325,1327
2813,64
2384,1348
1350,1091
977,1031
1782,1953
351,1508
495,469
1907,2069
2494,1371
1435,1027
399,1175
267,1221
1117,1391
1330,1913
1259,1740
880,172
879,701
1951,1738
1069,44
1647,1741
2575,784
2583,1133
114,1019
1903,391
1095,1120
10,1312
1281,1741
2057,979
966,417
14,909
1816,745
867,1993
46,80
2368,440
1279,1708
1661,1221
312,1892
1898,410
2842,444
1961,695
165,152
529,1072
2151,2024
380,491
2885,33
1235,1005
2047,883
2585,1727
1711,705
2160,760
2770,460
2568,1265
1267,893
2158,1101
1316,1051
2281,1171
2772,1445
375,1436
2831,2025
1074,619
2770,1749
2317,986
2208,1982
1138,1314
2554,175
2354,1807
1929,123
1801,840
551,1719
164,290
955,1314
2847,2090
1197,847
1947,2062
66,923
1647,1312
2582,1297
861,1800
570,1853
604,454
1481,727
1787,16
1966,247
296,1506
1588,2021
1376,152
1281,1312
467,570
1231,1491
2024,373
1158,1915
879,514
1548,609
759,863
1235,1731
2004,781
2807,839
785,219
2785,299
186,304
294,1823
456,1067
280,1107
397,460
66,360
2602,1467
379,591
2066,1901
853,1413
1006,460
1908,268
2341,793
2487,847
2432,911
2096,962
2149,2020
1210,2037
1351,993
483,1937
1006,1749
2754,1312
2198,865
2094,1976
1624,1798
2035,349
37,840
2051,559
365,1837
1325,1879
870,252
784,1003
1838,451
31,1439
1140,1052
1890,52
2781,31
482,557
2235,989
867,893
1025,18
802,1703
565,1201
2410,1148
1330,1189
2357,992
2302,1056
1889,658
1588,666
1178,539
1847,597
2807,410
45,1966
950,2072
1172,724
2505,2031
2839,1153
454,444
1560,311
1876,22
2894,42
1158,1728
397,849
297,911
85,991
50,216
366,1913
2307,1413
2366,1993
254,396
85,1341
1250,620
1826,1719
1748,79
2431,1341
2868,110
903,1744
2635,582
102,1695
2209,1349
1376,99
1460,736
1862,487
2648,1396
482,1054
430,1389
1391,2070
530,1970
516,1806
1369,1493
1267,1216
2029,1539
2639,1468
1949,1250
2307,729
2432,1892
1446,1861
1568,1558
410,777
1006,1791
827,1331
2778,1482
1638,1738
278,1237
1833,1196
514,1221
1742,31
715,716
2629,1251
1795,796
1858,98
410,201
2481,491
2756,1184
1541,2084
2043,753
102,1024
105,541
2265,1216
2055,211
2750,736
2306,1513
1624,927
2142,1038
2127,1403
984,1883
1688,538
2056,705
2747,559
2367,1506
297,1892
2609,1268
1911,179
1138,1195
1561,66
281,571
296,1374
2374,583
414,1366
2210,1414
940,658
955,1195
1237,2076
1125,559
407,279
1793,429
1729,710
1515,192
400,276
2258,1468
2504,706
1216,44
1376,33
1207,1244
2650,1928
1285,1312
1374,374
1028,1915
1864,201
2867,879
1444,1601
2018,1607
1847,1954
314,64
1840,783
1973,1541
187,1457
451,749
2121,1826
1784,743
99,1465
1009,1915
1330,1741
2341,553
2841,610
1040,1615
2388,1244
2617,838
2874,1137
1587,737
998,342
2789,1709
2142,1898
2770,1201
2506,1128
88,242
791,658
1628,1798
2292,1549
2836,1124
2024,980
2115,1098
533,484
1852,1627
41,961
1352,523
221,2060
2555,1262
2100,1850
918,712
990,63
2029,923
2083,634
2845,691
2666,396
1946,1275
2718,2020
1224,1519
1138,1479
1279,1189
1862,1052
1613,1479
2260,1061
2813,981
159,1316
100,1904
2557,237
1330,1312
1873,1002
1515,1065
2602,1148
2702,103
1642,86
2710,1913
2579,1164
182,1155
2389,1040
417,1961
2753,1465
445,747
2065,1064
397,1201
2591,127
2279,764
1231,609
1850,358
957,1043
909,1497
2712,767
958,864
887,166
312,460
2810,292
2099,954
2001,1550
1531,389
2835,995
279,175
182,471
312,1749
2571,1299
685,45
2139,1376
1449,966
903,1170
2,1708
1982,382
1961,1491
1049,177
2746,1946
2783,552
2755,719
181,1306
2787,1425
2712,1022
1879,267
483,597
1726,927
2411,801
569,1014
1548,1860
2367,1374
483,947
2205,1312
2814,144
921,126
90,1955
2832,1181
903,486
1254,1238
2785,840
2429,976
1401,1931
1628,927
2872,1253
2591,974
636,1310
2094,1336
1454,481
469,1843
765,673
1903,987
1961,699
2699,1860
2162,460
217,23
2005,1156
1803,1695
2765,1783
2162,1749
1028,1783
1900,1749
1489,717
2321,1513
2813,1975
2238,1744
2811,1377
352,453
472,555
1222,1770
1525,1313
2101,463
1614,2065
2278,1816
390,1913
1589,251
424,743
792,910
2072,893
1884,61
1411,366
505,2021
7,1744
1134,502
1800,1881
164,536
365,526
1006,559
679,1103
2243,478
177,74
486,1058
644,183
2614,421
373,134
476,757
789,1217
151,960
2652,1292
866,1171
1463,1161
1149,742
2776,1772
1926,289
2342,204
50,1709
2726,86
854,127
2777,1714
2713,1958
486,145
2218,969
2286,1103
296,1189
2459,213
1144,1700
1548,292
1968,649
483,1954
1537,1860
954,1539
2511,1571
828,905
505,666
12,733
1846,1339
1987,1278
1921,695
694,272
1253,1993
2228,1111
2830,1445
2250,870
2864,275
1332,1468
224,1033
2557,1286
2012,180
1279,1312
2648,2084
724,43
2425,1517
1884,116
2197,872
2523,1005
165,695
478,1155
2514,175
962,221
428,516
1348,1196
381,175
420,1335
2593,175
721,280
2432,486
1955,827
2151,473
1454,804
2245,1828
2272,1931
1659,913
386,411
984,1040
2188,476
445,991
2459,481
2378,1539
1792,1186
297,460
478,471
1496,225
2166,205
724,648
490,481
1954,322
2432,849
2874,965
905,171
297,1749
2072,1216
2541,1142
2690,713
1642,1753
1194,1334
1679,854
522,941
186,726
2419,1795
1693,1691
1948,1163
2204,1089
561,1542
1180,1291
2043,1107
317,1303
1190,1871
989,420
2341,1215
2645,165
70,1547
2174,1977
1735,358
1974,640
756,1242
909,252
735,136
2440,1049
420,1027
1929,116
542,495
2076,1038
1821,519
312,1201
2297,219
314,981
816,1148
1308,1839
318,1137
225,680
2742,1508
400,1435
1568,194
1401,1020
1523,717
93,1692
1988,1985
1706,838
2614,1215
1831,1772
858,448
2747,1744
422,1086
2724,1760
2580,1981
1721,301
193,179
1942,1172
1730,269
565,1744
491,812
2615,891
971,1385
205,162
296,1741
412,869
629,1392
2853,655
2412,195
2202,1368
1940,1139
1941,2007
2393,1121
2152,1668
1565,151
1587,1896
401,1511
680,697
2367,1189
1467,932
2109,1604
999,534
818,1691
943,639
621,588
1833,1376
2224,214
2828,1146
1852,342
193,1494
2728,915
2062,1091
594,1774
254,134
2563,2016
1436,1982
560,362
1134,1351
1466,1861
2056,643
2735,1197
1897,61
985,999
2776,969
2726,1377
150,1366
423,737
2212,338
2365,580
2862,1386
2011,1516
296,1312
2885,1491
1124,1171
2201,1798
1900,638
2130,1100
743,1479
1642,1016
84,1025
1446,552
314,1975
1892,117
1850,120
1546,611
2093,1009
725,2081
1700,1236
2597,175
2750,1171
2354,1171
2093,901
2051,1170
1700,418
2263,1992
2726,1753
682,1337
1978,547
1582,547
2627,175
2885,699
1075,221
10,1294
1295,1658
376,1388
2812,76
738,1740
1224,1899
1692,1213
417,113
1394,324
2785,360
1833,1310
66,1468
322,1394
2051,486
2395,2016
2567,1305
1349,1907
466,1294
1281,460
1803,276
1777,1270
2131,2027
1686,859
2162,559
2147,436
884,356
2410,846
1436,869
856,294
159,1120
1281,1749
2542,736
2356,280
1381,115
2051,849
1231,292
1353,1221
1490,1455
86,1436
2394,1861
10,1791
1228,179
1801,1761
1270,1573
1647,1294
594,795
2505,1850
111,1321
735,1414
1282,1583
2598,1260
2770,1744
1503,993
1911,64
2320,232
2367,1741
2825,1158
1453,1815
2754,460
1678,1933
2282,1818
7,1506
282,1445
657,568
1784,1541
466,1791
2109,1109
333,444
2202,1236
297,1201
2085,1654
2754,1749
954,1959
365,1335
903,1913
1753,134
1909,647
2750,997
1085,614
2704,63
2714,522
281,1048
813,1323
567,1856
919,2015
826,1787
492,450
1254,1739
2810,351
2292,1408
2110,613
755,981
2747,1170
2726,64
1315,1318
207,358
1647,1791
1277,797
2842,949
775,1044
117,815
2748,533
2027,736
2713,1707
885,165
969,802
1277,918
884,169
724,705
579,1519
1281,1791
397,1744
990,43
1125,1170
397,468
1006,1744
178,1067
1831,1332
2367,1312
1787,737
1563,1517
2424,799
2783,1900
2829,2016
480,1526
2774,1033
636,201
185,36
470,434
1479,597
1614,4
165,1491
2118,1523
49,1316
365,1027
2813,2021
972,1476
1125,486
37,1427
2538,1264
2259,1849
2288,335
2250,2029
2067,861
419,216
2165,1167
2218,276
2440,877
280,552
1973,179
2503,1162
1396,841
668,139
2427,1288
869,1297
487,966
798,370
1718,1013
842,1608
305,208
1125,849
209,2082
528,751
165,699
1906,1306
2157,888
2618,1283
1376,1491
1925,538
853,1221
2742,531
1393,677
2156,1602
402,467
345,1690
2134,1291
2705,2046
1173,1024
2240,1717
30,1763
2527,175
2833,1413
2421,193
597,2032
1973,1494
1699,208
2117,721
1934,1243
148,1122
380,462
1846,901
25,530
1955,1302
2772,1295
162,10
46,64
2615,1082
612,475
1728,1784
2235,797
1285,460
1686,1558
1136,1091
2867,256
2042,1836
199,1181
478,367
1273,1510
2235,918
2813,666
1376,699
666,14
1285,1749
366,1708
2238,1374
2366,1788
1963,617
424,1541
1735,120
2001,764
1961,1860
925,22
152,2021
88,545
7,1374
2307,1221
192,373
1036,240
532,966
1548,351
1066,2068
2265,177
268,1270
555,546
1410,831
2265,1345
2901,1263
2409,572
277,2029
161,2083
2895,694
2325,1332
631,1480
1869,1466
2187,1812
831,1770
2266,873
1667,2005
1479,1954
1043,606
1986,1004
2175,1923
1325,1258
795,1029
2209,1278
2833,876
1711,18
565,1506
375,857
1169,1886
147,175
2564,873
962,1327
994,84
1087,275
2179,473
1852,78
496,221
931,149
1082,318
2646,1292
1398,29
2111,1133
1348,1376
1864,209
2722,469
671,868
1530,40
389,1155
1371,1215
1448,681
2432,1834
68,16
4,526
2370,956
172,73
87,1463
2774,1719
505,175
2602,417
413,815
1574,1143
1954,610
1672,1449
1976,2089
2165,793
2015,1788
2424,1727
70,1122
483,1934
1054,474
2615,1379
417,533
389,471
2149,1091
1939,2035
2754,1201
2165,806
10,559
2054,975
1997,175
911,1980
690,1486
394,441
423,1896
139,151
2472,441
722,243
2815,255
1330,1294
1006,1170
2558,2026
2515,1161
2854,627
2143,1289
2899,1272
882,501
2865,1661
2739,1441
2238,1913
2621,1156
1456,1648
2132,1931
2168,1625
2205,460
2038,1515
2018,1536
1453,1993
2682,533
2426,284
1006,486
2033,1521
407,1389
2138,756
2205,1749
1728,363
1380,848
2011,1883
1455,1665
961,1130
2332,477
211,1046
151,766
1236,22
2743,233
1647,559
1904,1649
438,981
2614,1516
1330,1791
6,1701
312,1744
1064,625
2767,711
1777,1958
1281,559
2203,80
1504,2065
2759,1237
1378,613
115,304
2210,1143
2025,1134
849,1171
2785,1761
2487,1020
2710,1708
962,1879
2529,1138
717,2048
2842,322
2231,1336
338,1355
2,911
1846,219
2517,1141
2271,1674
2747,1374
1830,1931
2770,1506
35,1438
2230,1498
2142,1385
2009,1795
2864,94
314,2021
565,1374
2182,1686
2632,1922
2162,1744
2051,1913
1187,1313
2238,1739
1331,769
32,1446
2716,1219
2375,926
1846,582
2129,1809
1019,22
599,1385
1954,1175
1572,844
2838,175
2891,1
193,64
2544,1125
1285,1201
2045,889
2246,421
2509,1289
1494,1311
1075,1327
2364,1810
1876,1497
1824,1307
2734,1757
1841,722
209,287
2165,553
1279,460
2583,1066
1466,552
397,1506
163,1339
1300,748
204,64
78,1874
2073,1085
2579,1482
366,1294
2238,1189
1279,1749
222,1774
2897,1239
1737,2075
2881,248
1741,504
11,1941
355,1522
2,1892
2186,2022
314,666
804,1762
1697,582
2051,1834
1566,2085
7,1189
2388,436
2169,1560
1515,807
1238,4
8,1949
2835,1542
1625,800
2146,1963
1231,351
549,1714
1989,703
401,2001
79,1721
1402,354
923,356
2507,1982
1140,1293
579,1899
95,1786
582,1904
2432,468
940,831
1836,1117
807,1204
466,911
578,334
2747,1913
721,1551
2121,1636
2073,427
1887,8
2726,1975
1403,309
109,916
596,1263
2634,1339
1402,609
2735,1916
46,981
2885,1860
2737,1696
947,150
1125,1913
1148,850
486,879
658,168
1647,911
1802,556
636,1052
652,1033
724,643
2394,552
878,63
2321,1242
297,1744
1825,846
2062,1018
677,689
1253,1788
2301,896
2616,1725
2789,1882
611,1237
1664,2032
2770,1374
2707,1025
1981,167
2409,1368
1619,1966
2713,1779
1140,985
383,1531
1587,213
1733,38
268,1958
395,1999
923,169
2192,966
36,1837
2305,614
500,480
2205,1201
2031,1277
594,2064
403,318
1846,1497
2025,1499
2007,1859
2654,1441
2462,453
2053,1453
624,1310
2723,201
997,360
2191,340
2058,979
2388,625
466,1892
488,1422
2246,1215
2704,43
1267,2062
2600,1154
282,1438
2238,1741
7,452
1125,1834
1761,1937
2891,700
1853,708
430,1430
280,1900
2835,805
7,1741
905,905
2076,1167
2162,1170
1914,839
1884,179
1330,559
2753,362
1213,1960
397,1374
1686,194
1954,1177
1642,1319
1891,303
468,1025
1082,430
55,1758
46,1975
1534,675
2043,552
805,1963
2703,2059
1962,2061
129,1047
1918,678
2452,1551
2251,1009
2710,1294
2624,2008
416,703
1436,796
2389,421
2151,778
1070,409
220,10
345,944
2009,550
1832,917
653,242
2748,1118
2238,1312
414,1165
1437,1263
2584,1131
786,1939
2561,1147
296,1294
7,1191
2271,1839
589,2041
2719,1477
565,1189
2615,336
7,1312
2015,1216
876,943
1190,1813
2173,755
867,2062
2420,1157
2108,1565
2770,1913
996,1129
2042,164
2761,1837
1973,64
1250,1655
546,556
2710,1791
2611,994
1726,308
1876,252
2058,1986
91,1036
170,97
1777,1707
2515,1636
2322,1507
2157,1699
1076,842
1279,1201
1355,1196
1296,1784
1628,308
2736,1231
165,1860
53,636
1956,2059
1689,1715
2274,419
296,1791
2493,988
1802,545
312,1506
496,1327
1026,95
1676,1897
2504,1002
2545,1003
1977,24
2126,1810
362,1219
559,1504
1694,86
1105,1677
84,1625
1051,1148
2725,1765
412,932
2241,1423
292,1281
442,1979
1162,2039
1580,1798
350,1343
1950,2011
589,1625
1507,1670
1006,1913
608,820
162,245
1944,1149
1376,1860
1371,1516
1686,2022
1133,1055
1281,1744
1690,1912
2199,1789
50,1882
886,131
208,1007
1625,736
654,10
2163,1085
1180,1288
2182,280
726,300
2076,793
2069,1571
2328,1502
2019,1161
353,1896
549,1542
1310,1640
198,1958
2167,1971
2387,1974
293,1966
2586,1100
1748,1
1873,706
171,1488
2351,1499
215,1494
2427,1228
1917,1392
1576,833
108,92
166,1494
2143,422
616,1959
2106,769
2754,1744
2743,1326
509,557
2367,1749
2654,759
2,460
1904,1695
2389,1215
2170,1585
310,1515
1163,1431
1068,147
1279,559
565,1741
204,981
1795,597
2,1749
2481,1339
2841,827
463,1097
1330,911
1786,1716
1755,151
1662,1128
251,396
2068,1550
56,1877
1136,1018
212,1865
634,1036
1351,1091
2347,1352
2543,998
1980,2053
2770,1189
2522,1878
1460,1263
1831,1435
1452,1789
2355,1068
2846,2059
2654,317
1580,927
2734,1774
509,1054
1125,468
1512,914
438,1753
2515,94
2280,493
2639,840
903,1708
2842,610
115,726
2269,748
1695,1910
1296,363
215,31
565,1312
2432,1506
1897,179
166,31
1723,63
2326,1790
2367,1791
612,1020
1728,114
1643,1467
189,99
2818,1434
2086,990
1028,1608
2330,1387
2307,1632
2090,880
307,1259
312,1374
2364,1385
397,1189
2202,1057
785,22
1588,80
67,1728
1049,1788
720,795
2583,870
623,862
2135,1417
1761,947
1833,1052
438,2021
2359,1512
444,752
2896,175
193,123
10,1170
1923,837
2504,65
2097,1404
1347,906
189,354
543,852
2196,1117
36,526
1151,213
2654,1177
94,238
2239,935
17,1452
2011,2010
297,1506
432,876
2011,963
1030,44
2258,840
2509,422
2312,1305
1508,1776
2265,964
2203,86
2149,1018
1362,675
1795,1954
1717,314
10,486
2341,1898
2480,1010
224,711
912,294
2068,1968
1856,99
2236,1552
2162,1374
885,1625
1943,1973
201,175
1285,1744
189,609
2076,553
2698,307
1301,1459
2074,1611
401,879
2173,570
631,1341
1969,282
317,1181
403,430
466,486
713,363
1936,1273
1647,1170
1796,741
10,849
1304,538
2832,1303
1402,292
1748,700
27,1203
2157,1622
1836,1981
1281,1170
1083,660
2770,1741
1694,1753
1856,354
438,666
160,392
2301,1384
1086,69
86,857
2395,753
466,849
366,911
423,213
438,1016
153,389
1681,1117
2035,1120
2778,1164
1888,1861
1647,486
296,559
2216,1397
58,916
2498,63
85,1507
11,1329
2431,1507
409,1375
2833,1221
2072,2062
2901,1392
2410,1798
966,1148
1826,1777
2037,240
638,565
821,1440
2432,1708
107,1050
1647,849
934,684
1138,1911
2122,1115
2578,1129
2842,1175
1087,633
2296,1416
1897,1670
955,1911
64,1474
1226,684
1856,33
2129,1131
397,1741
409,812
665,243
84,1695
2770,1312
2761,526
461,184
743,1331
1255,459
2415,791
1857,1961
431,197
2562,1255
163,648
2021,1840
686,423
2652,1414
387,770
1944,1327
270,895
41,1422
2837,1436
2601,442
2,1201
298,2017
366,1892
2484,796
2592,2019
68,737
427,1084
1898,1867
129,1427
2162,1913
1911,116
433,1774
1023,822
2193,445
2737,1326
2048,1518
2781,1554
1544,709
473,799
2252,1698
2507,1170
2247,573
1008,1079
2550,1513
1087,325
2205,1744
1823,1413
2246,1516
998,253
46,2021
397,1312
297,1374
2687,175
1779,1757
2591,1635
2300,705
878,43
432,1683
2866,298
1069,25
547,1377
2808,293
163,219
1694,1016
2134,1288
2865,46
798,1898
1183,1214
2867,1058
2318,587
969,1901
1447,213
1823,729
2751,1233
2870,1184
835,1268
2179,778
2043,1900
150,1165
1886,381
637,236
1564,101
2859,658
368,233
903,1294
198,1707
524,601
2659,1364
1390,163
502,1192
1405,700
2064,1568
2148,515
2367,559
2164,459
2176,964
2625,2022
1904,276
2709,1198
312,1189
735,1292
1285,1170
2504,685
136,1377
222,1380
2500,980
46,666
439,597
581,946
2570,1160
2817,1037
2710,911
76,1218
2066,580
2126,1385
1973,123
2365,876
1401,1358
2185,945
2403,875
2203,1753
2757,1107
364,574
2762,1451
2768,744
2807,1867
2858,637
1317,1781
1944,1879
1844,1941
1008,208
1875,59
296,911
329,859
1951,1774
1675,1876
2530,175
2586,1238
1355,1376
1585,2067
348,1222
1061,606
1787,481
2379,127
830,1905
940,316
589,1321
494,229
360,414
2775,1231
1164,1148
2595,1300
812,696
1068,622
2842,1177
1279,1744
1153,1376
2125,489
1885,507
2051,1708
1519,1847
1684,1914
2617,1301
480,465
2023,562
2241,1953
1236,219
220,245
2773,767
1233,1870
73,720
519,1709
2871,2012
2022,983
1330,1170
521,479
910,934
277,1021
28,1485
2710,1892
2132,1915
1435,526
1985,175
1945,1271
1348,1052
2300,681
1354,308
82,903
1663,1292
473,1727
2773,1022
772,1242
687,380
1194,1874
1330,486
2219,584
505,80
1837,290
1510,1356
2829,284
1915,358
962,1258
2076,1215
1899,121
1620,706
1335,1705
1638,1248
1996,175
385,1038
168,57
2478,592
36,1335
1990,1003
51,1872
439,1954
563,2020
1896,358
2237,1819
1330,849
2400,1288
163,1497
613,1962
2774,711
833,1965
312,1741
305,799
854,1795
2032,1013
2467,1170
1409,1788
2255,762
2205,1170
1842,1118
1049,1216
2389,1516
2834,1112
2361,1417
1784,2079
2594,1130
1959,656
2203,1016
596,1392
924,403
1783,1827
1480,1789
2432,1189
2709,1763
393,925
2423,1369
2777,1409
2438,1943
2563,891
2459,16
1974,267
1017,1691
2272,1358
166,64
1084,634
1777,103
2809,250
2814,365
2132,1728
284,995
625,470
1010,2038
490,16
1699,799
2855,258
2020,1379
2754,1374
2093,1857
45,1773
1787,804
1,912
1014,817
2626,1310
2834,1259
2365,1683
653,545
455,72
1282,753
36,1027
1125,1708
853,1249
339,799
1128,1225
1990,466
474,206
251,134
1075,1069
2100,2031
312,1312
2110,238
291,206
10,1913
297,1189
474,556
446,494
1906,1118
2434,1503
1829,346
661,274
640,1383
1454,1896
204,2021
842,1783
2196,1981
2366,177
2341,1810
2635,2028
2366,1345
193,61
443,438
419,1801
84,276
189,292
1584,262
2383,881
2826,175
2395,891
2030,241
805,682
2439,934
2643,175
664,154
2636,1182
2025,1065
1775,136
2843,1926
995,927
2170,894
2238,1294
2761,1335
2437,191
2234,542
2307,1249
1679,1717
1608,1248
1719,32
1015,1148
1161,1202
2712,1190
7,1294
1629,260
2782,202
1236,1497
1484,1333
1809,864
1261,278
1281,1913
2702,1118
1723,43
1509,1511
2070,1844
2577,1123
1955,322
2297,22
10,1834
994,1038
1304,1752
1180,1228
1279,1170
1855,54
2279,1550
997,1457
1859,698
2428,855
66,840
2601,1722
1051,417
724,22
753,723
745,1771
203,27
1402,351
204,666
1856,292
2542,1263
1871,1324
1897,64
466,1834
2238,1791
404,956
287,556
366,849
299,1842
2432,1741
457,967
1783,1332
2375,978
2810,152
2015,177
557,1319
1642,80
2015,1345
2811,498
452,973
2754,1913
1842,636
353,213
7,1791
2039,884
922,141
1734,19
424,2079
629,1316
59,1429
2383,1633
294,1969
2761,1027
2848,686
193,116
879,1841
1588,86
1581,83
116,1037
305,1727
1647,1834
827,1314
1852,253
60,2044
1285,1374
48,529
2852,633
188,509
417,103
816,1798
1410,1490
157,1869
532,1746
1011,963
1180,1149
2201,420
1836,1719
2806,759
297,1741
615,818
2829,891
1977,382
624,1052
577,1236
2147,1244
101,718
1109,1740
2782,1425
2009,721
1699,1727
2432,1312
944,104
2182,1551
2591,2015
1718,1861
2146,847
1585,285
199,1303
2085,1510
206,1427
1565,1740
1930,175
151,444
2750,1082
513,1062
1958,624
399,960
180,364
925,252
1506,234
788,1940
77,2077
214,2082
535,942
2806,317
435,1492
187,1427
2520,1680
407,1430
2141,866
2734,1380
1825,1798
488,1769
2234,276
2004,982
2852,325
1713,15
854,550
2810,99
2367,1744
1761,1934
1847,1937
1970,58
1008,1138
297,1312
1006,1708
1467,1837
2390,765
2083,1288
1706,1301
2,1744
1861,128
1418,1544
2637,763
175,396
1333,682
2218,816
129,923
927,674
2019,606
2409,1057
1775,1414
1224,2065
551,1033
1960,147
368,1326
2644,816
1818,1720
197,1178
61,1519
384,223
1304,1620
2294,787
2639,1761
2747,1294
2351,1065
38,1693
1096,809
1548,152
2842,1302
75,528
2754,1189
1537,1491
296,1170
1285,1913
1199,449
2069,1729
565,1294
2084,1071
809,1920
1356,1564
74,1471
2211,2078
1460,1392
129,360
2710,486
1435,1335
2783,1193
1574,1615
1460,1513
277,1133
848,1925
2205,1374
2426,2016
2445,43
776,1756
2486,569
1267,1993
634,1528
723,65
296,486
399,1136
2293,561
2490,809
2810,33
2710,849
2323,174
1973,61
164,451
1504,1690
1335,649
2747,1791
475,959
2789,216
366,1201
903,911
2427,1291
1230,259
2009,226
2750,1392
565,1791
2817,399
296,849
2299,1227
1736,67
2820,404
2337,701
2265,1993
805,847
2618,576
438,1319
2832,1030
2588,175
1236,252
1446,1028
2844,1269
2539,175
200,1797
1098,1486
1287,1156
1914,1254
1898,263
1254,1100
667,108
1780,392
1826,1033
1146,1274
1485,740
870,1339
4,932
1857,1780
466,468
1568,859
2350,2063
2890,1519
636,1293
780,520
718,1628
797,1921
1903,2017
1409,1216
1638,810
1548,99
2038,1424
1336,1906
2258,1427
391,186
989,1798
1844,1329
94,1885
2389,1883
629,997
2408,1078
962,1291
2734,1248
2813,80
1588,1753
543,1344
2535,1304
1929,1494
2640,1091
2870,1782
889,934
2238,559
812,421
2699,99
1647,468
2726,498
926,708
961,931
1566,287
1483,518
2691,396
903,1892
2563,1379
1973,116
2072,1815
7,559
1994,175
1856,699
2336,1336
1548,354
1253,177
2337,514
1803,2041
2522,1728
1253,1345
2502,1261
2850,281
2754,1741
183,2074
195,1145
1556,70
1977,63
2205,1913
2159,225
1285,1189
2551,1274
1019,252
1279,1374
410,925
1330,1834
827,1479
2699,354
1988,1282
1360,1713
372,1838
2383,1811
2152,1649
2134,1228
2523,249
2367,1170
2265,893
2770,1294
2202,544
1233,682
2290,1825
447,1207
1168,738
181,1465
1662,1475
940,1490
2032,1193
497,920
2425,1124
1413,626
449,1108
1180,1327
1624,846
1548,33
2699,609
1694,1319
383,525
2367,486
884,403
163,643
166,123
2339,424
2807,263
1929,31
1158,642
397,1749
2310,891
2840,827
1102,1915
2395,1379
2699,33
1742,1494
2315,1090
1938,1140
1798,571
2165,1038
2353,1503
2034,1494
2770,1791
2341,1385
1888,622
2700,500
358,198
1663,1177
97,1325
397,1294
2385,1549
1006,1294
2134,1149
1711,63
2208,869
647,1361
2713,1270
2710,1201
2322,567
1312,438
1588,1016
505,86
1847,947
2824,175
214,287
1681,133
2223,187
1735,2059
2062,993
2364,806
2180,231
349,862
1830,606
1408,388
532,1737
1879,10
34,743
189,351
1492,732
2132,1358
1860,899
532,1858
2622,175
1815,1772
2580,1117
2547,1169
420,526
2092,1528
812,2033
1127,1142
397,1791
1279,1913
658,1337
1309,1792
1231,152
2619,1166
723,685
2771,1937
2000,1831
1537,609
2738,1531
2165,1898
1951,1380
878,643
1285,1741
2205,1189
2727,1234
1772,1270
1335,1269
2386,446
462,886
1808,1903
39,1426
1955,610
773,1687
1467,526
16,1186
1774,1208
1595,977
787,1706
432,1249
109,1764
2437,1673
366,1834
2787,739
2191,1617
2079,1147
2829,1379
2238,911
1856,351
1897,123
1300,1530
911,294
2845,47
1688,1117
1180,1879
455,428
751,1244
565,559
1580,308
2094,758
2053,1925
2391,1395
460,893
684,143
1830,1358
928,503
2421,1274
2,1506
1827,535
139,1740
1674,1461
2151,1571
2445,705
547,1319
1937,1174
1321,1844
456,1285
785,1497
477,1344
2340,1419
225,342
354,227
1308,225
98,1469
1628,846
1846,22
1573,92
594,1757
1231,99
2757,552
924,356
989,1734
421,230
846,931
112,1875
951,1627
99,1118
2203,1319
318,933
1645,1671
2748,1240
308,595
2238,1892
1223,1160
1009,642
1330,468
1051,1807
2580,1777
195,839
1983,511
2051,911
1637,1042
1231,354
2550,1726
2283,1382
2037,1915
61,1899
2833,802
1987,1505
2879,100
2144,176
2056,63
1819,2042
2072,1993
955,1479
149,1086
606,773
2268,858
298,391
1509,2001
2376,1852
2205,1741
2251,1857
2836,561
2037,1339
2889,158
1887,348
1405,79
866,2016
215,743
1395,825
206,923
2028,1411
166,743
2816,703
525,1844
1569,79
298,1801
1068,1490
1718,552
1833,1293
1060,323
296,1913
1454,213
187,923
385,1167
1955,1175
2393,583
466,1506
924,169
1882,138
903,460
1303,1599
1231,33
1728,839
1712,2063
2651,999
2869,175
267,1683
416,759
1709,681
2433,1944
2414,1702
2536,1133
1944,1258
340,1114
1049,1345
1151,804
1862,1310
1160,1792
1815,969
549,1409
1810,1793
505,1753
2876,312
207,2059
964,2038
2366,964
2051,1892
2770,559
2037,1728
187,360
2333,558
42,1699
312,1294
2074,563
826,1515
2811,304
2431,1480
514,876
1235,407
1801,1047
1165,1102
2306,1973
2710,1834
1299,1102
1514,761
175,134
1661,1683
2,1374
191,78
1675,800
579,2065
649,1077
1015,417
416,317
209,24
903,849
2747,911
2334,513
1563,1124
2862,632
296,1834
2890,1899
2298,1987
2731,1317
434,492
1728,410
2132,234
1614,308
2431,567
145,1786
565,911
2784,1099
1292,1425
1395,651
366,1381
1142,1602
2126,806
204,1319
1159,1017
2362,817
33,1208
1125,911
312,1791
1504,944
2475,586
2110,1885
2285,196
397,559
2200,1815
2162,1294
99,636
1548,842
1587,16
2047,903
1782,1423
2365,1249
37,1047
1279,1741
1024,697
366,468
2771,597
2027,1082
1084,455
1792,1710
37,1168
68,481
2015,964
399,766
10,1708
2484,1937
2859,831
2771,947
386,1995
2041,1367
2569,1257
2001,1968
1070,412
758,1049
1797,1909
66,1761
1466,1028
2410,308
1849,271
909,1339
18,902
416,1177
2258,1607
436,1829
310,1424
998,1044
1779,1380
466,1708
1245,1675
2822,144
96,1128
2162,1791
2747,1892
1830,234
1238,359
2036,339
728,257
2840,1302
1999,457
2372,968
2155,970
385,793
2432,460
1525,1705
1129,1476
1844,933
1718,299
2473,1400
115,1319
2367,1913
490,213
505,1016
284,1542
1125,1892
1873,65
2432,1749
2542,1392
785,252
1647,1708
1311,1759
755,80
2293,2085
1586,8
2699,292
385,806
199,1030
374,1556
1857,1410
1281,1708
2363,171
854,974
2682,1240
1955,1177
2034,238
1772,1958
848,1610
2222,474
2626,1052
445,1341
1081,505
2741,1941
215,61
2691,134
2377,203
1094,151
166,61
1124,2016
2638,1183
1467,1335
1853,95
514,1683
2424,1079
1447,804
2417,1076
1890,98
2523,1731
129,1468
1662,1897
519,1882
82,1652
1410,1861
2394,1028
1325,1228
1139,580
2771,1954
1790,1035
1665,1269
923,403
2354,2016
1769,1097
2770,911
2111,2029
2813,86
297,1294
1479,1937
2389,963
1021,830
958,1713
2479,856
2717,913
2025,807
68,804
2810,1491
2233,921
89,1092
937,664
1928,56
2321,1973
1350,1018
903,1201
1961,354
1295,530
56,807
1537,292
1979,408
2734,1738
2309,808
1027,715
2512,1396
2322,747
2129,1106
896,151
2722,344
2269,1530
2752,452
1742,64
1109,151
2227,1533
2715,570
2238,1170
1467,1027
1919,370
1518,1194
297,1791
1732,665
405,1095
749,868
1456,1484
2810,699
1506,847
196,921
2631,175
2710,468
7,1170
1294,1607
1006,911
1961,609
49,349
352,121
1718,622
2257,607
166,116
1779,1248
951,342
2726,304
2640,1018
2277,212
2238,486
1971,371
656,2087
2647,1179
296,468
2729,1891
2024,1321
2060,1503
2,1189
2424,208
58,1764
2818,135
1711,43
2048,1385
1683,735
7,486
2660,192
2076,1898
9,532
1731,402
2572,1247
385,553
1549,102
1642,64
2238,849
2272,847
2752,1191
759,777
34,1541
2190,929
1012,139
7,849
1688,947
2575,1679
412,1837
854,721
2237,866
2628,1276
1858,52
1319,1989
393,777
2353,1751
2032,1107
2873,1723
1704,524
2179,1571
312,559
1839,1880
321,793
2445,643
489,1545
2051,460
2703,120
2142,1810
1079,34
1920,650
1006,1892
2051,1749
1879,245
2200,1993
1763,972
1267,1788
759,1503
1065,499
1253,964
714,161
65,1472
1644,970
758,877
1697,2028
1532,271
2409,544
1755,1740
37,299
2432,1201
1063,1863
729,297
1873,685
2757,1900
2841,322
80,1019
1224,1444
135,726
30,1198
2147,1833
621,885
1409,177
2529,208
2208,796
1409,1345
593,1991
1897,116
2156,1279
2646,1143
1935,2034
2805,907
585,531
1509,879
2612,1266
410,907
1049,2062
466,1189
1548,699
2297,1497
1330,1708
1151,16
2756,1782
438,80
1078,706
1281,1294
1847,1934
2117,1795
2886,320
1590,2049
1956,120
2209,1505
2512,1277
2781,913
458,853
488,961
2351,807
2,1741
2202,418
2401,1796
1620,1002
2546,1167
1207,540
52,1454
2884,1162
2863,285
1801,1427
867,1788
1588,1319
366,1506
2584,1809
1061,607
949,2086
222,1757
2322,991
185,118
1619,1773
2813,1753
1436,1837
2754,1294
2211,1015
2666,134
565,1170
2695,835
2890,1690
1125,460
1842,1306
631,1507
1813,201
1959,255
1005,930
1125,1749
423,16
2747,486
2373,1965
2056,43
58,1995
361,1767
1815,920
1877,1798
2152,276
2432,559
1545,278
565,486
2,1312
1531,1511
2044,864
314,86
1852,1044
1525,649
1062,659
1173,1695
903,1834
1479,947
1711,287
2647,497
320,1190
2233,857
2747,849
2754,1791
1823,1632
1458,753
1788,362
2811,726
479,1075
565,849
2116,578
2249,878
1772,1707
2516,175
2295,701
2431,747
2744,1207
2860,106
380,557
297,559
543,965
1708,244
1789,1135
1694,80
2487,1931
69,1045
2276,930
2402,1069
1379,153
2614,696
2576,175
2156,784
1925,1117
1574,136
517,1851
2568,994
601,798
993,1322
1905,384
1236,491
2846,120
459,570
328,1053
966,1798
1835,1200
71,2043
2767,133
43,1944
2885,354
505,1975
2186,87
1404,51
724,63
323,951
2109,25
624,1293
962,1288
688,2
506,779
1888,1490
465,1421
537,1526
2316,439
2813,1016
2575,1602
2470,1845
2368,2063
1437,736
2605,1252
2162,911
2136,1676
2060,863
1877,927
985,238
1389,62
2051,1201
1435,932
2885,609
1952,175
2096,1617
2032,1861
941,316
163,22
2231,758
0,1950
1285,1294
839,1702
388,1537
1539,652
2581,1258
1353,876
1633,930
466,1312
366,1374
1447,16
1061,475
849,2016
1933,175
2553,1280
2699,351
1024,1495
2132,240
1620,65
432,802
1676,1128
2770,1170
385,1215
1607,1937
1775,1292
1229,35
2710,1506
1906,1711
2210,136
365,869
1613,1314
2112,1937
613,1092
313,571
1844,1368
2743,1696
1825,308
178,1285
1067,629
2770,486
1285,1791
206,1468
1137,580
1603,2073
63,1456
1642,981
1571,283
2338,950
412,526
1146,521
2352,1787
2424,1138
2162,1892
1967,670
293,1773
2343,1415
2297,252
1051,1802
187,1468
2117,550
2702,1240
2770,849
1982,2082
796,1697
397,1170
2165,1385
2580,2014
1231,699
2406,437
1270,1859
551,711
2348,1398
2191,1680
1714,294
2741,1329
2102,1342
186,1377
2132,1221
2341,806
154,378
2024,641
2760,1958
1779,810
392,435
1961,292
2747,1201
1049,964
2057,1986
1688,133
397,486
2484,1501
22,343
1559,662
165,99
2560,1267
1537,351
7,1913
2405,575
2589,1150
1030,25
2092,1283
2233,993
2520,1989
1743,82
1125,1201
2551,521
1742,123
422,1724
401,389
2481,462
2252,1356
2152,1943
482,462
1574,1414
1180,1258
2076,1810
2188,590
2416,417
2431,991
1006,849
1575,1006
314,1753
2736,543
2044,1713
1632,722
2215,548
181,362
165,354
2205,1294
2771,1934
1525,1269
2901,997
1084,1563
1402,152
903,468
853,876
909,219
2435,938
2103,199
2175,1536
1642,1975
2072,1788
2306,1726
1139,802
1989,972
662,648
1164,1798
2614,1182
1406,1038
2238,1834
359,1522
2344,503
636,487
165,609
1087,359
1214,171
2809,495
2754,559
2726,726
2031,1396
2184,443
1353,1683
2258,1789
7,1834
296,1708
1376,354
1016,1768
477,965
693,68
2785,1427
2205,1791
990,705
2081,1984
1700,572
165,33
2710,1374
267,1249
2692,273
1520,1809
2124,755
2251,2028
2426,568
733,675
2307,876
629,554
198,1270
209,382
751,436
2726,981
1838,290
1409,2062
1844,1236
1904,2041
2095,589
751,1833
1376,609
505,1319
2015,1993
547,498
182,1797
1613,1195
2626,871
2500,1927
2789,1801
425,1969
1471,2014
2810,1860
2723,925
2168,1346
430,973
1661,1249
1318,2078
2625,1935
948,37
1084,1618
610,1964
2649,1245
106,1936
2366,893
2565,2005
1978,30
1582,30
1587,145
867,1216
1402,99
1787,1896
2088,1824
1458,1657
2132,847
289,192
1129,1108
2689,657
1911,1494
641,472
1668,1507
1635,1330
735,1339
2388,1833
314,1016
1547,170
2365,802
1620,685
1933,1145
351,531
296,595
2319,1854
1279,1294
969,580
1870,1210
1753,396
1187,1705
10,911
1100,16
2309,1553
366,1189
2638,1957
1779,1738
204,80
326,1534
2123,464
1510,1698
1515,581
1410,299
2432,1744
2020,753
1533,406
1625,1392
515,1554
26,1097
1883,640
708,1841
1323,653
2137,1809
1607,597
218,112
435,635
1637,476
2382,1347
565,1913
2421,521
1037,151
317,1030
1607,947
2242,1983
579,1444
2234,816
1795,1937
761,926
2304,1814
1901,377
853,1683
1279,1791
2108,1350
2015,893
1285,559
1806,1951
2248,835
1830,847
1308,1674
1372,383
219,1932
1402,33
1902,319
406,940
1006,1201
1281,911
1238,275
194,10
772,1973
1911,31
1606,1381
2367,1708
312,1170
1371,696
382,596
1801,923
1744,160
1813,1428
10,1892
1574,1671
40,2000
2511,1729
1788,1334
353,16
1669,1908
467,532
1022,296
110,1197
1876,1339
2747,1834
2363,905
2147,1021
312,486
1287,1065
2307,1683
2773,1190
2513,2017
2754,911
565,1834
2139,1052
2607,1157
1116,136
195,1254
2366,1216
1982,287
467,895
2695,1391
1801,360
145,1554
1659,950
945,146
594,1380
633,554
438,86
2019,475
113,1952
312,849
611,916
514,1249
1130,1481
2552,1096
1497,1948
2345,1520
2078,1405
3,1447
2525,175
1647,1892
1350,1605
1073,21
37,923
83,1039
155,390
743,1314
478,1797
2238,468
1290,1712
1281,1892
2265,2062
2738,525
2841,1175
819,1309
366,1741
169,409
412,1335
881,93
1836,1777
1607,1954
1507,784
428,1050
2864,4
2162,486
1410,622
23,1230
2182,1596
7,468
129,1168
2885,292
1851,1496
1138,1331
1412,1836
2830,1295
1613,1331
955,1331
1805,1501
84,2041
1780,919
781,922
2632,1135
820,2045
2314,1765
37,360
190,602
2567,898
435,369
433,1757
2162,849
596,997
2760,1707
2379,2015
2754,1892
1325,1291
2694,77
435,490
605,413
173,261
1645,1912
96,1475
1543,1864
2553,2023
2205,559
2710,1189
342,1881
2134,1258
1931,175
2515,1623
21,900
272,482
84,431
115,498
366,1312
1889,299
636,907
211,1145
290,1438
1711,643
1506,1931
1707,645
2644,969
1068,658
412,1027
681,663
2047,1652
484,1546
2893,397
1531,2001
939,140
2432,1170
152,1975
1929,61
799,1328
2051,1744
1580,846
2051,468
1834,1894
1409,964
2374,1121
2330,1280
1745,361
903,1506
2892,0
241,1508
2375,1817
2748,113
1272,972
2409,418
1285,911
1833,487
215,179
397,1913
9,1508
2827,1281
2032,552
285,1820
1739,973
827,1911
166,179
1558,669
1643,447
548,1412
2356,1551
2488,953
2770,1834
320,767
2575,1595
2114,217
1700,1368
191,2050
2778,1136
2732,1434
2419,974
297,1170
2370,789
577,1941
2324,1087
1753,1271
1051,1753
1479,1934
2611,1265
99,1306
195,1014
2165,1215
594,1248
213,2051
2047,176
189,152
1512,1680
473,1079
1238,653
620,1543
320,1022
1951,1757
1102,240
343,188
1045,1655
297,486
2076,1385
2136,1924
434,491
2116,1686
46,86
1961,351
940,299
2080,982
1722,1008
491,1375
181,1334
1437,997
1742,61
167,618
397,1834
2462,121
2608,175
357,220
2091,1871
2400,411
743,1195
297,849
1006,1834
2559,175
1915,2059
1285,1892
277,870
2614,2033
1253,893
1795,947
2710,1741
1234,385
1803,542
1541,1296
2310,1807
1838,536
2841,1177
2536,1066
165,292
2367,1294
1642,2021
1151,737
2747,468
1288,742
420,932
1896,2059
1846,252
1436,1027
1856,152
1811,904
565,468
1919,1898
2,1294
2753,1306
1562,843
307,1112
1125,1744
2775,543
2626,420
313,1048
962,1228
2145,1544
432,1413
1770,620
2852,359
2427,1149
1566,561
1187,649
2497,2009
2156,1679
2452,280
2842,960
1789,1922
1376,292
2162,1201
1231,1860
417,1118
2400,1258
717,363
2284,1083
2233,2020
576,1821
89,1962
2112,1501
990,643
2750,1263
1096,1298
2813,1319
2205,911
961,1110
439,1937
2710,1312
1314,1871
1830,475
1179,1188
473,208
2,1791
1146,193
399,444
1670,873
538,1542
2711,345
1995,175
4,1837
2459,804
903,1374
156,393
519,216
2246,696
2020,1107
1330,1892
1742,116
942,26
2566,1280
357,1093
1642,666
10,460
220,41
1882,355
390,452
19,1448
2364,1038
2371,1980
1631,1941
490,804
2682,1118
196,2020
447,1373
2490,1298
10,1749
2785,923
151,1230
962,1149
657,284
1438,620
2704,705
735,1143
1506,1020
466,460
2402,488
1096,1795
1061,1020
2540,1132
466,1749
1140,1434
940,622
2626,1293
24,2047
554,815
722,628
2836,1517
129,299
2579,1073
2218,542
2266,2010
1793,1332
1820,1206
2551,193
1647,460
2898,1176
47,731
2034,613
193,31
67,1878
2574,2018
182,367
2205,1892
438,64
1253,1216
2564,2010
189,33
1405,1
2138,1609
1647,1749
876,411
2564,963
2842,1136
1842,1961
390,1191
2272,1020
2308,448
866,891
2679,620
2859,1490
1038,594
1460,997
450,1363
2364,1898
1638,1757
2726,2021
454,960
2398,1401
2840,322
2399,808
2435,502
2645,2032
2194,1113
962,612
2682,113
2788,1034
1492,548
585,1012
246,1317
1944,1288
2238,1506
877,137
1281,486
692,91
1407,302
305,1079
2770,468
1116,1671
2754,1170
1279,911
312,1913
614,1955
1495,1475
2499,1294
1259,151
2563,1171
1663,1143
1281,849
1520,1131
2287,1532
2686,1241
2378,896
1925,133
2623,175
1447,737
259,1740
417,636
1715,673
1906,1961
2604,2003
1228,1494
1699,1079
340,1291
2754,486
2217,776
1212,1220
1831,969
241,531
46,1753
2432,1374
2882,119
437,591
1342,1451
1388,1338
2196,1777
214,24
9,531
1466,1379
626,1402
2844,1705
1049,1993
37,1761
2726,666
1685,928
339,1079
449,1476
815,1947
2754,849
2573,2006
2726,1016
1512,340
1006,468
2231,1976
2248,1391
2419,226
1068,299
2673,2065
2685,1136
642,1359
547,304
2369,1802
2766,1209
664,2057
1371,421
204,86
481,852
312,1834
2037,1221
600,1254
1694,64
2400,455
454,1136
497,1772
2207,814
1528,1694
2051,1506
2013,985
1279,1892
2397,1096
1764,1183
1637,590
1370,246
2395,1171
92,1026
1649,1058
629,736
2410,927
206,1047
2365,1413
2327,892
107,516
318,965
367,857
206,1168
2389,696
2482,887
365,932
1187,1269
187,1047
2774,133
2885,351
1794,1021
187,1168
1649,145
389,1797
1182,1433
2137,1131
2238,1708
662,643
194,245
2162,1834
1563,980
1747,508
1339,225
2438,1594
7,1708
1925,1719
1350,993
2648,1296
2083,1258
1787,213
2360,1832
2427,1327
1267,177
61,2065
1267,1345
1305,1637
2796,1315
20,721
2052,1800
1837,451
1049,893
1444,1688
1478,747
339,208
10,1201
2018,1923
1412,164
1651,180
2,559
903,1189
72,1032
2849,1033
2432,1913
2105,1555
314,1319
186,1319
103,1779
1454,16
46,1016
2529,799
723,706
439,947
1531,879
13,1778
2330,2023
2177,761
2008,1972
2531,2013
1144,1638
883,321
96,1897
466,1201
2218,920
1096,550
1285,486
2609,1973
2079,1515
1313,1716
1607,1934
1375,379
2126,1038
1075,612
2351,1156
2640,993
34,2079
2644,920
1904,1110
933,155
2142,1167
2300,63
2747,1506
1124,891
569,1046
481,933
1697,901
372,209
2602,1798
594,810
1151,1896
590,1105
2829,1171
1285,849
2639,1047
1932,1185
1214,905
1353,1249
267,802
1647,1201
1401,1963
297,1913
5,1704
2639,1168
1125,1506
932,1340
2841,1302
1402,1491
1973,31
1281,1201
2354,891
631,567
2215,732
1371,2033
2043,1379
1876,219
2722,1179
1330,460
2880,75
629,349
689,400
842,642
885,2032
2032,1900
2510,478
867,177
562,1527
1552,1677
867,1345
1312,1466
1330,1749
1977,2085
1453,2085
2883,615
1661,802
848,1453
2620,1144
498,1074
935,1866
2379,974
2051,1374
1036,642
2154,2024
1402,699
2026,792
129,840
473,1138
158,2066
2890,2065
2126,1898
2063,566
2769,728
1036,1931
2583,2029
2132,1339
296,1892
1586,348
1801,1468
2007,1573
2717,1211
688,1598
2536,870
1844,1057
2024,1927
2016,1514
1078,1002
2131,1989
2258,1047
2132,642
297,1834
1866,1462
2203,64
2707,2041
466,559
1877,308
2587,175
2303,416
2258,1168
577,1329
1740,10
1400,90
2427,1879
2407,594
1328,1355
497,969
2484,1982
903,1741
165,351
1014,791
370,460
2186,194
226,223
2019,1020
1194,385
215,64
1718,1028
2130,1238
1810,1785
1888,658
537,465
1724,1489
204,1753
2707,431
2205,486
312,468
222,1248
2747,1708
37,1468
1996,1251
2262,1370
2441,1372
1648,918
2281,336
565,1708
988,1811
468,2041
654,245
1974,41
275,599
1894,277
2782,739
1376,351
624,487
1299,1565
2142,793
2367,911
2205,849
385,1898
2191,914
2566,2023
1993,175
2829,568
2553,1387
2083,455
115,1377
2024,1043
1917,688
291,556
2142,806
903,1312
841,1602
2006,881
2395,1107
353,737
1853,6
2833,1683
407,973
2878,702
2776,920
468,431
1638,1774
316,1794
452,1389
2162,468
235,637
594,1738
1318,1015
1791,1235
1125,1374
2790,1205
1644,1710
866,1379
946,96
2484,869
2704,643
366,460
445,1507
2002,1539
2141,1819
680,1495
1447,1896
1181,730
1629,597
366,1749
206,299
1139,1901
2273,1830
487,1746
751,1267
2133,1069
467,1508
207,120
1836,2014
1965,667
514,802
438,1975
1854,836
925,1339
1895,608
663,107
415,1991
2183,1011
878,705
1557,505
187,299
2291,958
503,1996
2822,365
2844,649
1822,924
1304,1981
1479,1982
941,357
1631,1329
2367,1892
1006,1506
440,600
801,2040
68,1896
1401,234
1094,1740
1694,981
713,2048
2392,1548
2395,1028
2378,1384
2257,1094
865,2038
1087,653
1898,114
2195,337
204,1016
720,2064
1077,352
870,22
1957,1862
1279,486
1409,1993
2179,1682
575,1538
2548,1256
2840,610
1446,1013
1984,396
951,253
829,1310
1078,65
496,612
1728,1867
1749,125
1351,1018
2144,883
2476,1393
1574,1292
1911,123
2253,1055
2050,238
305,1138
2781,1211
1279,849
1795,1934
2811,1319
366,1791
2730,1919
1140,956
36,869
2161,190
1281,1834
1330,1201
1176,734
834,970
2630,1284
1025,43
511,1219
153,1511
1624,308
2702,113
2741,1236
2400,943
2770,1708
896,1740
2900,1000
404,985
1802,206
2132,1020
210,72
2639,299
1699,1138
1479,869
2697,11
381,1122
386,1237
2521,1246
888,401
2365,1901
2757,1193
2250,1133
99,362
2051,1189
1831,920
2142,553
230,293
2615,736
2754,1834
1503,1091
479,768
297,468
2874,852
1867,735
2013,789
339,1138
2498,43
1694,1975
42,888
2293,2011
15,1428
2723,777
163,252
2279,1968
2072,177
1812,1041
1236,1339
2072,1345
919,127
2321,1268
397,1708
2116,1573
2379,226
1695,1745
380,492
1228,64
270,620
1409,893
2336,758
2532,175
2246,2033
2807,114
2027,1171
652,133
2851,157
223,1447
1964,2054
2210,1292
386,916
2264,1794
547,726
415,1738
2710,460
2272,234
2258,299
1954,827
1830,1020
2542,997
1587,481
2710,1749
861,754
1850,2059
1006,1374
507,1690
366,1751
4,1335
296,460
2171,774
1975,81
2312,898
634,576
919,974
2428,26
296,1749
2806,1177
1124,1379
2785,1468
2840,1175
1325,1288
454,766
411,1362
2699,152
1842,1780
969,1626
2082,449
2251,901
1924,506
2399,1553
691,305
849,891
1019,1339
2639,1427
2747,1189
1884,1494
189,1491
2011,1040
2203,981
2354,1379
2536,2029
1998,175
1825,927
389,367
329,87
1583,347
1125,1189
333,960
1100,607
1944,1228
99,1961
2434,863
603,1723
546,206
2128,1988
54,1437
441,1846
854,2015
1809,1713
2051,1741
1392,607
1665,1705
4,1027
2091,1813
2672,1270
10,1744
1175,1023
2375,754
80,527
1929,179
1285,1834
10,468
189,699
665,628
508,1095
1862,1293
1888,299
432,1221
2364,1167
1874,256
1538,270
466,1744
1197,1963
2189,496
2487,1358
1793,1435
1856,1491
1095,1807
2621,1065
464,220
434,462
631,747
499,1116
708,701
897,1391
934,1458
607,1063
1078,685
467,531
1884,31
1002,1040
1537,152
1647,1744
2350,440
206,840
1226,1458
1081,286
2051,1312
1158,240
2038,1787
425,1823
2066,802
2654,972
1587,804
2481,492
2046,1089
233,2003
1281,468
2203,1975
2149,921
187,840
1314,1813
2208,1501
2300,43
2006,1811
1723,705
2837,921
2162,1506
2726,1319
2744,1373
366,559
1068,831
426,1364
1166,908
2204,2038
222,810
2076,806
2367,460
1498,1768
1742,179
81,1450
433,1380
1883,10
2633,996
1700,1057
2154,473
738,151
2747,1741
2389,2033
2754,468
487,1737
2083,943
200,1155
2,1170
1659,1554
487,1858
609,572
385,1810
66,1047
215,123
464,1093
2422,237
319,180
1814,1320
2366,2062
2436,549
1125,1741
66,1168
2163,427
82,883
159,349
938,50
1817,1187
1916,671
435,368
2702,533
200,471
2,486
1710,687
2579,1136
2322,1480
1460,1973
2840,1177
2518,1126
421,820
2613,1134
2205,1834
1921,89
2346,790
2017,551
2196,2014
1950,561
410,1893
2693,605
351,532
2367,849
660,55
1537,99
16,1710
805,1870
1402,1860
1588,64
2104,1378
312,1708
214,382
1783,276
1480,238
1202,1691
2652,136
267,1413
439,1934
471,425
2580,1199
2,849
2636,2033
2233,1091
2747,1312
2749,1910
2877,375
2364,793
2341,1038
1016,2066
351,895
2474,1567
1910,707
2142,1215
1537,354
2765,1608
2192,1746
2092,576
659,85
46,1319
1125,1312
259,151
2112,1982
296,1201
2498,705
1922,20
1761,597
1661,1413
1740,245
2338,874
318,852
1006,1189
1267,964
114,527
2404,181
2251,582
1864,1893
2015,2062
2637,1291
1140,1310
1326,268
2120,772
1397,148
1509,389
812,1215
2162,1708
1435,1837
2484,1170
204,1975
1716,315
481,1236
2225,1360
1897,1494
2733,1766
608,230
2701,13
453,1524
2110,1494
267,876
2071,785
968,923
466,1170
1537,33
2615,2016
53,1711
1904,1668
2784,1192
631,991
2010,458
1614,1690
1399,341
1285,468
800,1473
1069,1109
2315,461
1748,350
2508,2024
2365,1221
1071,2057
1661,876
7,911
433,1248
1164,1467
1799,517
1151,481
222,1738
953,1957
2652,1143
2710,559
1893,71
2414,1500
2844,1313
2112,869
1649,879
515,913
1279,1834
308,1374
1911,61
1209,1775
909,22
1681,538
2861,620
1659,1422
2438,931
867,964
2549,1930
2180,1575
2718,921
586,1853
2487,234
2584,1106
116,399
501,210
1471,1199
2496,175
2126,1167
2647,344
1454,737
1897,31
1466,1013
29,1046
1856,609
2422,1286
1503,1016
176,692
2765,642
1904,542
1761,1954
1028,642
330,1509
1954,1302
2759,1995
2625,194
1613,1911
1984,134
1694,2021
1666,1959
2089,564
716,124
1330,1744
2080,781
314,80
1387,265
2013,956
129,1761
611,1764
423,481
1185,2036
971,1518
1339,1685
418,588
2240,854
1006,1741
1333,1870
1353,802
2590,1152
41,1769
2696,2073
2706,546
2149,857
7,1892
2364,553
1899,453
2367,1201
662,22
2837,857
211,1254
2038,1147
2672,1958
297,1708
9,1012
1788,1874
514,1413
1550,16
2613,1499
515,1786
2311,868
216,672
1096,721
1228,123
10,1506
1665,649
145,913
2615,1171
2415,817
61,1444
2380,1799
2037,642
849,1379
370,1381
2029,1168
2445,63
2703,358
1951,1248
2201,871
2519,1180
2037,1931
961,1943
2752,1913
2205,468
925,219
2152,1130
1006,1312
1694,666
682,168
1573,376
2394,1013
903,1749
206,360
1470,2062
1638,1380
1728,263
1201,746
1647,1506
1141,1863
1712,440
2140,850
2864,652
66,299
1373,156
1354,1634
507,944
85,1480
2232,560
2626,487
210,428
1319,2027
1281,1506
785,1339
2362,791
153,2001
454,1175
1801,1168
2867,145
2353,863
2416,1148
418,885
2459,737
186,498
2083,1618
612,606
2126,793
68,213
2474,456
782,1956
417,1306
85,567
2134,1327
1136,993
930,2056
193,743
1863,1443
280,1193
490,737
1795,1982
1447,481
609,1368
2856,386
1956,358
2754,1506
2734,810
423,804
2031,1296
2168,1567
2639,923
853,802
903,1791
2890,1444
2213,936
1123,784
519,1801
2301,2
1253,2062
327,813
366,1744
1479,796
1568,87
1884,64
169,412
1335,1313
396,805
2361,891
1037,1740
1503,1018
2485,819
2842,827
1467,1738
2358,485
2683,2002
1872,740
1588,981
429,1224
2427,1258
11,1236
2270,786
2639,360
1538,342
2133,488
2162,1189
1446,753
1198,1442
2325,429
1961,152
1757,2079
1977,2082
2833,1249
1515,1499
1279,468
408,1407
2745,907
505,64
2203,2021
1783,1435
1036,1915
2863,2067
538,1409
211,1014
1625,1263
622,585
200,367
1134,1928
2307,802
10,1374
417,1240
565,1892
2244,867
84,542
1723,643
66,1427
485,593
2887,680
1539,4
2258,923
650,1074
657,2016
1795,869
2533,2030
2192,1737
2901,736
466,1374
2192,1858
2,1913
2149,993
1132,417
2159,1681
385,1385
1235,249
2265,1060
960,1478
189,1860
2188,1042
2186,1935
1929,64
1662,703
2783,1107
1506,1358
2748,103
1401,847
2432,1294
1071,154
2526,175
925,1497
1701,1718
2258,360
378,577
1647,1374
2732,135
495,344
2556,175
2172,185
2134,1879
2072,964
2846,358
1982,24
1927,88
1281,1374
2203,666
367,1219
2754,1708
1036,1728
1588,1975
1579,142
1019,219
2367,1834
1739,279
1849,676
1285,1506
982,44
1961,99
1977,43
333,766
838,938
2126,553
2432,1791
2,1834
1526,1460
1856,1860
225,78
2819,372
609,418
70,1308
2352,1515
2221,803
1520,1106
2165,1810
2162,1741
1232,824
2498,643
2238,460
2025,581
1992,175
543,1137
502,1099
1828,1464
2364,1215
803,1212
870,219
329,1558
2238,1749
2267,235
1625,997
2196,1752
1570,832
7,460
2710,1744
1987,1349
36,932
397,911
1008,799
1883,245
1325,1149
466,1913
215,116
1114,148
42,1622
2849,711
7,1749
2673,1690
828,171
678,641
433,810
1888,831
2385,1408
296,1744
1330,1506
2778,1073
743,1911
812,1516
2770,1892
366,1170
2646,136
1051,1798
1961,33
2884,129
2256,1792
1436,1501
1647,1913
2162,1312
2418,780
2295,1841
1512,1617
1742,2079
1611,1330
241,895
1342,647
366,486
719,604
400,1827
752,1232
1798,1048
1846,2028
1801,299
9,895
184,603
2068,764
2336,1976
2489,794
775,253
1437,1392
940,357
2108,1102
287,206
723,1002
1285,1708
